{
  "sample_rate": 16000,
  "clip_duration": 10.0,
  "clip_samples": 160000,
  "n_fft": 1024,
  "hop_length": 256,
  "win_length": 1024,
  "n_mels": 64,
  "fmin": 20,
  "fmax": 8000,
  "n_bins": 20,
  "bin_dur": 0.5,
  "presence_threshold": 0.5,
  "feat_mean": [
    -1.9429638385772705,
    -6.881518363952637,
    -8.9680757522583,
    -12.851211547851562,
    -18.062524795532227,
    -18.44926643371582,
    -18.360721588134766,
    -18.84888458251953,
    -21.1954288482666,
    -22.031890869140625,
    -23.10892105102539,
    -24.090290069580078,
    -25.671388626098633,
    -26.265493392944336,
    -26.268173217773438,
    -25.930889129638672,
    -25.580047607421875,
    -25.211416244506836,
    -24.891996383666992,
    -24.72014808654785,
    -24.569597244262695,
    -24.465213775634766,
    -24.42159652709961,
    -24.19796371459961,
    -24.242700576782227,
    -24.157007217407227,
    -24.103240966796875,
    -24.05571937561035,
    -24.057632446289062,
    -24.022945404052734,
    -24.191171646118164,
    -24.216751098632812,
    -24.115249633789062,
    -24.006641387939453,
    -23.778339385986328,
    -23.57086944580078,
    -23.394521713256836,
    -23.17431640625,
    -22.999231338500977,
    -22.75669288635254,
    -22.560771942138672,
    -22.368785858154297,
    -22.22357749938965,
    -22.150514602661133,
    -22.091598510742188,
    -22.10013198852539,
    -22.155113220214844,
    -22.23700523376465,
    -22.32171058654785,
    -22.392250061035156,
    -22.556419372558594,
    -22.82916831970215,
    -23.170188903808594,
    -23.464086532592773,
    -23.704708099365234,
    -23.918638229370117,
    -24.15178108215332,
    -24.528179168701172,
    -25.235374450683594,
    -26.410175323486328,
    -27.82448959350586,
    -29.27655792236328,
    -31.287363052368164,
    -33.4249382019043
  ],
  "feat_std": [
    25.521129608154297,
    23.43317413330078,
    22.50275993347168,
    21.252614974975586,
    19.469987869262695,
    19.211008071899414,
    18.74485969543457,
    18.117172241210938,
    16.623363494873047,
    16.339946746826172,
    15.644340515136719,
    14.794271469116211,
    13.895245552062988,
    13.481119155883789,
    13.464316368103027,
    13.768357276916504,
    14.272333145141602,
    14.941289901733398,
    15.635173797607422,
    16.270174026489258,
    16.876224517822266,
    17.404621124267578,
    17.84153175354004,
    18.17854881286621,
    18.38861846923828,
    18.57614517211914,
    18.809993743896484,
    19.07170867919922,
    19.31720542907715,
    19.458423614501953,
    19.538036346435547,
    19.692054748535156,
    19.959274291992188,
    20.30223846435547,
    20.67087745666504,
    21.021087646484375,
    21.323413848876953,
    21.582765579223633,
    21.806419372558594,
    22.0306339263916,
    22.26272964477539,
    22.442190170288086,
    22.560609817504883,
    22.64461326599121,
    22.704479217529297,
    22.720077514648438,
    22.690868377685547,
    22.63852310180664,
    22.620046615600586,
    22.625213623046875,
    22.571521759033203,
    22.39189910888672,
    22.173303604125977,
    21.995206832885742,
    21.870939254760742,
    21.77882957458496,
    21.64436912536621,
    21.356754302978516,
    20.780019760131836,
    19.997806549072266,
    19.418014526367188,
    19.134803771972656,
    19.06496238708496,
    19.77288818359375
  ],
  "ae_threshold": 0.126080214381218
}